1;Milan;Stojkovski;milan.stojkovski@school.com;WP2021009;MA2129001
2;Izabela;Hvar;izabela.hvar@school.com;WP2021009;MA2129001
3;Antonio;Milver;antonio.milver@school.com;MA2129001
4;Maria;Arievska;maria.arievska@school.com;
5;Aleks;Mitik;aleks.mitik@school.com;WP2021009;
6;Sandra;Kegel;sandra.kegel@school.com;
7;Markus;Jan;markus.jan@school.com;
